{"cameraMode":{"drawMode":0,"name":"Shaded","section":"Shading Mode"},"sceneLighting":false,"audioPlay":false,"sceneViewState":{"showFog":true,"showMaterialUpdate":false,"showSkybox":true,"showFlares":true,"showImageEffects":true,"showParticleSystems":true},"in2DMode":false,"pivot":{"x":4.768000602722168,"y":2.5799999237060549,"z":-0.18182945251464845},"rotation":{"x":-0.0676828920841217,"y":0.9299794435501099,"z":-0.21903379261493684,"w":-0.28736987709999087},"size":160.04148864746095,"orthographic":false}