{"cameraMode":{"drawMode":0,"name":"Shaded","section":"Shading Mode"},"sceneLighting":false,"audioPlay":false,"sceneViewState":{"showFog":true,"showMaterialUpdate":false,"showSkybox":true,"showFlares":true,"showImageEffects":true,"showParticleSystems":true},"in2DMode":false,"pivot":{"x":4.930999755859375,"y":1.6079998016357422,"z":-0.14499950408935548},"rotation":{"x":-0.0676828920841217,"y":0.9299794435501099,"z":-0.21903379261493684,"w":-0.28736987709999087},"size":80.02074432373047,"orthographic":false}