{"cameraMode":{"drawMode":0,"name":"Shaded","section":"Shading Mode"},"sceneLighting":false,"audioPlay":false,"sceneViewState":{"showFog":true,"showMaterialUpdate":false,"showSkybox":true,"showFlares":true,"showImageEffects":true,"showParticleSystems":true},"in2DMode":false,"pivot":{"x":5.771450042724609,"y":2.1112098693847658,"z":-1.4538977146148682},"rotation":{"x":-0.0676828920841217,"y":0.9299794435501099,"z":-0.21903379261493684,"w":-0.28736987709999087},"size":6.426466464996338,"orthographic":false}