{"cameraMode":{"drawMode":0,"name":"Shaded","section":"Shading Mode"},"sceneLighting":false,"audioPlay":false,"sceneViewState":{"showFog":true,"showMaterialUpdate":false,"showSkybox":true,"showFlares":true,"showImageEffects":true,"showParticleSystems":true},"in2DMode":false,"pivot":{"x":5.350000381469727,"y":2.1199989318847658,"z":-1.1100006103515626},"rotation":{"x":-0.0676828920841217,"y":0.9299794435501099,"z":-0.21903379261493684,"w":-0.28736987709999087},"size":8.660744667053223,"orthographic":false}