{"cameraMode":{"drawMode":0,"name":"Shaded","section":"Shading Mode"},"sceneLighting":false,"audioPlay":false,"sceneViewState":{"showFog":true,"showMaterialUpdate":false,"showSkybox":true,"showFlares":true,"showImageEffects":true,"showParticleSystems":true},"in2DMode":false,"pivot":{"x":4.830999374389648,"y":1.5960001945495606,"z":-0.1379985809326172},"rotation":{"x":-0.0676828920841217,"y":0.9299794435501099,"z":-0.21903379261493684,"w":-0.28736987709999087},"size":100.02593231201172,"orthographic":false}